Ellie	PER
Goulding	PER

The	PER
Script	PER

Sia	PER

1000	ART
Forms	ART
of	ART
Fear	ART

Big	ART
Girls	ART
Cry	ART

Burn	ART
the	ART
Pages	ART

Eye	ART
of	ART
the	ART
Needle	ART

Hostage	ART

Straight	ART
for	ART
the	ART
Knife	ART

Elastic	ART
Heart	ART

Fire	ART
Meet	ART
Gasoline	ART

Calvin	PER
Harris	PER

18	ART
Months	ART

I	ART
Need	ART
Your	ART
Love	ART
(feat.	ART
Ellie	ART
Goulding)	ART

Taylor	PER
Swift	PER

1989	ART
(Deluxe)	ART

Style	ART

Out	ART
of	ART
the	ART
Woods	ART

All	ART
You	ART
Had	ART
To	ART
Do	ART
Was	ART
Stay	ART

Shake	ART
It	ART
Off	ART

I	ART
Wish	ART
You	ART
Would	ART

Bad	ART
Blood	ART

Wildest	ART
Dreams	ART

I	ART
Know	ART
Places	ART

Clean	ART

Wonderland	ART

New	ART
Romantics	ART

Adele	PER

21	ART

Set	ART
Fire	ART
to	ART
the	ART
Rain	ART

P$C	PER

Coldplay	PER

A	ART
Head	ART
Full	ART
of	ART
Dreams	ART

Adventure	ART
Of	ART
A	ART
Lifetime	ART

A	ART
Rush	ART
of	ART
Blood	ART
to	ART
the	ART
Head	ART

The	ART
scientist	ART

Tiësto	PER

Skylar	PER
Grey	PER

Zara	PER
Larsson	PER

Passenger	PER

Fall	PER
Out	PER
Boy	PER

Green	PER
Day	PER

Krewella	PER
&	PER
Diskord	PER

Krewella	PER

Ammunition	ART
-	ART
EP	ART

Marching	ART
On	ART

Surrender	ART
the	ART
Throne	ART

Ammunition	ART

Can't	ART
Forget	ART
You	ART

Kesha	PER

Lady	PER
Gaga	PER

Mike	PER
Posner	PER

Don	PER
Diablo,	PER
Matt	PER
Nash	PER

B.o.B	PER

Halsey	PER

BADLANDS	ART
(Deluxe	ART
Edition)	ART

Hold	ART
Me	ART
Down	ART

New	ART
Americana	ART

Drive	ART

Hurricane	ART

Roman	ART
Holiday	ART

Ghost	ART

Colors	ART

Colors	ART
pt.	ART
II	ART

Strange	ART
Love	ART

Coming	ART
Down	ART

Haunting	ART

Gasoline	ART

Control	ART

Young	ART
God	ART

I	ART
Walk	ART
The	ART
Line	ART

AC/DC	PER

Jessie	PER
J,	PER
Ariana	PER
Grande	PER
&	PER
Nicki	PER
Minaj	PER

Miley	PER
Cyrus	PER

The	PER
Weeknd	PER

Beauty	ART
Behind	ART
the	ART
Madness	ART

Can't	ART
Feel	ART
My	ART
Face	ART

In	ART
the	ART
Night	ART

Justin	PER
Bieber	PER

Twenty	PER
One	PER
Pilots	PER

Blurryface	ART

Stressed	ART
Out	ART

Ebony	PER
Bones	PER

Lady	PER
Gaga	PER

Lana	PER
Del	PER
Rey	PER

Born	ART
to	ART
Die	ART
(Deluxe	ART
Version)	ART

Off	ART
to	ART
the	ART
Races	ART

Blue	ART
Jeans	ART

Video	ART
Games	ART

Diet	ART
Mountain	ART
Dew	ART

National	ART
Anthem	ART

Dark	ART
Paradise	ART

Radio	ART

Carmen	ART

Million	ART
Dollar	ART
Man	ART

Summertime	ART
Sadness	ART

This	ART
Is	ART
What	ART
Makes	ART
Us	ART
Girls	ART

Without	ART
You	ART

Lolita	ART

Lucky	ART
Ones	ART

Video	ART
Games	ART
(Joy	ART
Orbison	ART
Remix)	ART
[Bonus	ART
Track]	ART

Skylar	PER
Grey	PER

Buried	ART
Sessions	ART

Coming	ART
Home	ART
Pt.	ART
II	ART

Invisible	ART

Chromeo	PER

Skylar	PER
Grey	PER

Zedd	PER

Clarity	ART

Clarity	ART
(feat.	ART
Foxes)	ART

The	PER
Chainsmokers	PER

Clean	PER
Bandit	PER

Diddy-Dirty	PER
Money	PER

Demi	PER
Lovato	PER

Melanie	PER
Martinez	PER

Cry	ART
Baby	ART
(Deluxe	ART
Version)	ART

Dollhouse	ART

Sippy	ART
Cup	ART

Carousel	ART

Alphabet	ART
Boy	ART

Soap	ART

Training	ART
Wheels	ART

Pity	ART
Party	ART

Calvin	PER
Harris	PER
&	PER
Disciples	PER

Ariana	PER
Grande	PER

Dangerous	ART
Woman	ART
(Deluxe)	ART

Side	ART
to	ART
Side	ART
(feat.	ART
Nicki	ART
Minaj)	ART

Demi	PER
Lovato	PER

The	PER
Chainsmokers	PER

Skylar	PER
Grey	PER
feat.	PER
Big	PER
Sean	PER
and	PER
Travis	PER
Barker	PER

Skylar	PER
Grey	PER

Don't	ART
Look	ART
Down	ART
(Deluxe	ART
Edition)	ART

Wear	ART
Me	ART
Out	ART

Religion	ART

Skylar	PER
Grey	PER
feat.	PER
Eminem	PER

Skylar	PER
Grey	PER

Sunshine	ART

Pulse	ART

Glow	ART
in	ART
the	ART
Dark	ART

Beautiful	ART
Nightmare	ART

Skylar	PER
Grey	PER
feat.	PER
Angel	PER
Haze	PER

Skylar	PER
Grey	PER

Tower	ART
(Don't	ART
Look	ART
Down)	ART

White	ART
Suburban	ART

DJ	PER
Spooky	PER
and	PER
Dave	PER
Lombardo	PER

Icona	PER
Pop	PER

Enrique	PER
Iglesias	PER

Euphoria	ART
(Deluxe	ART
Edition)	ART

Tonight	ART
I'm	ART
Lovin	ART
You	ART

Eiffel	PER
65	PER

One	PER
Direction	PER

FOUR	ART
(The	ART
Ultimate	ART
Edition)	ART

Night	ART
Changes	ART

No	ART
Control	ART

Girl	ART
Almighty	ART

Alan	PER
Walker	PER

Taylor	PER
Swift	PER

Fearless	ART
(Platinum	ART
Edition)	ART

Fearless	ART

Fifteen	ART

Love	ART
Story	ART

Hey	ART
Stephen	ART

White	ART
Horse	ART

You	ART
Belong	ART
With	ART
Me	ART

Forever	ART
&	ART
Always	ART

Dum	PER
Dum	PER
Girls	PER

Alesso	PER

Afrojack	PER

Forget	ART
The	ART
World	ART
(Deluxe	ART
Edition)	ART
[Explicit]	ART

The	ART
Spark	ART

Wiz	PER
Khalifa	PER

Krewella	PER

Get	ART
Wet	ART

We	ART
Go	ART
Down	ART

Come	ART
&	ART
Get	ART
It	ART

Enjoy	ART
The	ART
Ride	ART

We	ART
Are	ART
One	ART

Dancing	ART
With	ART
The	ART
Devil	ART
(Feat.	ART
Patrick	ART
Stump	ART
&	ART
Travis	ART
Barker)	ART

Alive	ART

Pass	ART
The	ART
Love	ART
Around	ART

Ring	ART
Of	ART
Fire	ART

Human	ART

Killin'	ART
It	ART

This	ART
Is	ART
Not	ART
The	ART
End	ART
(Feat.	ART
Pegboard	ART
Nerds)	ART

Lights	ART
&	ART
Thunder	ART
(feat.	ART
Gareth	ART
Emery)	ART

Enjoy	ART
the	ART
Ride	ART
(Acoustic	ART
Version)	ART

Coldplay	PER

Ghost	ART
Stories	ART

A	ART
Sky	ART
Full	ART
Of	ART
Stars	ART

Kiiara	PER

Martin	PER
Garrix	PER

Shawn	PER
Mendes	PER

Jane	PER
XØ	PER

Hard	ART
To	ART
Forget	ART
EP	ART

Lies	ART

Dreams	ART

I	ART
Don't	ART
Wanna	ART

Undone	ART
(Feat.	ART
Dannic)	ART

Love	ART
Me	ART
(Bonus	ART
Track)	ART

Hardwell	PER

Massive	PER
Attack	PER

AC/DC	PER

Martin	PER
Garrix	PER
&	PER
Bebe	PER
Rexha	PER

Carly	PER
Rae	PER
Jepsen	PER

Kanye	PER
West	PER

Shakira	PER

Laundry	ART
Service	ART
(Limited	ART
Edition)	ART

Whenever,	ART
Wherever	ART

David	PER
Guetta	PER

Listen	ART
(Deluxe)	ART

What	ART
I	ART
Did	ART
for	ART
Love	ART
(feat.	ART
Emeli	ART
Sandé)	ART

David	PER
Guetta	PER
&	PER
Showtek	PER

David	PER
Guetta	PER

Lift	ART
Me	ART
Up	ART
(feat.	ART
Nico	ART
&	ART
Vinz,	ART
Ladysmith	ART
Black	ART
Mambazo)	ART

Listen	ART
(feat.	ART
John	ART
Legend)	ART

Bang	ART
My	ART
Head	ART
(feat.	ART
Sia)	ART

Yesterday	ART
(feat.Bebe	ART
Rexha)	ART

Hey	ART
Mama	ART
(feat.	ART
Nicki	ART
Minaj	ART
&	ART
Afrojack)	ART

David	PER
Guetta	PER
&	PER
Showtek	PER

David	PER
Guetta	PER

I'll	ART
Keep	ART
Loving	ART
You	ART
(feat.	ART
Birdy	ART
&	ART
Jaymes	ART
Young)	ART

The	ART
Whisperer	ART
(feat.	ART
Sia)	ART

Rise	ART
(feat.	ART
Skylar	ART
Grey)	ART

Dangerous	ART
(feat.	ART
Sam	ART
Martin)	ART
[Robin	ART
Schulz	ART
Remix]	ART
[Radio	ART
Edit]	ART

Elle	PER
King	PER

David	PER
Guetta	PER

David	PER
Guetta	PER
&	PER
Kaz	PER
James	PER

David	PER
Guetta	PER
&	PER
Showtek	PER

David	PER
Guetta	PER

Zara	PER
Larsson	PER

One	PER
Direction	PER

Made	ART
In	ART
The	ART
A.M.	ART
(Deluxe	ART
Edition)	ART

Perfect	ART

Infinity	ART

History	ART

The	PER
Beatles	PER

Don	PER
Omar	PER

Styles	PER
of	PER
Beyond	PER

Massive	PER
Attack	PER

One	PER
Direction	PER

Midnight	ART
Memories	ART
(Deluxe	ART
Edition)	ART

Story	ART
of	ART
My	ART
Life	ART

Alicia	PER
Keys	PER

Ariana	PER
Grande	PER

My	ART
Everything	ART

Break	ART
Free	ART
(feat.	ART
Zedd)	ART

Coldplay	PER

OneRepublic	PER

Celldweller	PER
feat.	PER
Styles	PER
Of	PER
Beyond	PER

Hyper	PER

The	PER
Perceptionists	PER

Arcade	PER
Fire	PER

Zara	PER
Larsson	PER

Hardwell,	PER
Dyro	PER

Imagine	PER
Dragons	PER

Night	ART
Visions	ART

Demons	ART

Charlie	PER
Puth	PER

Suni	PER
Clay	PER

Daft	PER
Punk	PER
ft.	PER
Pharrell	PER
Williams	PER

Dr.	PER
Dre	PER

Hardwell	PER

MC	PER
Hush	PER

Rock	PER

Taio	PER
Cruz	PER

David	PER
Guetta	PER

Nothing	ART
But	ART
The	ART
Beat	ART
2.0	ART

Turn	ART
Me	ART
On	ART
feat.	ART
Nicki	ART
Minaj	ART

She	ART
Wolf	ART
(Falling	ART
IntoTo	ART
Pieces)	ART
feat.	ART
Sia	ART

Without	ART
You	ART
feat.	ART
Usher	ART

I	ART
Can	ART
Only	ART
Imagine	ART
feat.	ART
Chris	ART
Brown	ART
&	ART
Lil	ART
Wayne	ART

Play	ART
Hard	ART
feat.	ART
Ne	ART
-	ART
Yo	ART
&	ART
Akon	ART

Wild	ART
One	ART
2	ART
(Edit)	ART
feat.	ART
Sia	ART

Just	ART
One	ART
Last	ART
Time	ART
feat.	ART
Taped	ART
Rai	ART

In	ART
My	ART
Head	ART
feat.	ART
Nervo	ART

Where	ART
Them	ART
Girls	ART
At	ART
feat.	ART
Flo	ART
Rida	ART
&	ART
Nicki	ART
Minaj	ART

Little	ART
Bad	ART
Girl	ART
feat.	ART
Taio	ART
Cruz	ART
&	ART
Ludacris	ART

Sweat	ART
(David	ART
Guetta	ART
Remix)	ART
-	ART
David	ART
Guetta	ART
vs.	ART
Snoop	ART
Dogg	ART

Crank	ART
It	ART
Up	ART
feat.	ART
Akon	ART

I	ART
Just	ART
Wanna	ART
F.	ART
(Feat.	ART
Timbaland	ART
&	ART
Dev)	ART

Nothing	ART
Really	ART
Matters	ART
feat.	ART
will.i.am	ART

Repeat	ART
(Feat.	ART
Jessie	ART
J)	ART

Night	ART
Of	ART
Your	ART
Life	ART
(Feat.	ART
Jennifer	ART
Hudson)	ART

Every	ART
Chance	ART
We	ART
Get	ART
We	ART
Run	ART
feat.	ART
Tegan	ART
Quin	ART
&	ART
Sara	ART
-	ART
David	ART
Guetta	ART
&	ART
Alesso	ART

Sunshine	ART
(Edit)	ART

Lunar	ART
(Edit)	ART

What	ART
The	ART
F***	ART

Metropolis	ART
(Edit)	ART

The	ART
Alphabeat	ART

David	ART
Guetta	ART
vs.	ART
Calvin	ART
Harris	ART
-	ART
Little	ART
Bad	ART
Girl	ART
vs.	ART
You	ART
Used	ART
To	ART
Hold	ART
Me	ART
(Promise	ART
Land	ART
Mashup)_(musiclife.kz)	ART

Dapuntobeat	PER

Taylor	PER
Swift	PER

Blue	PER

David	PER
Guetta	PER

One	ART
More	ART
Love	ART
(Deluxe	ART
Version)	ART

Sexy	ART
Bitch	ART
(Feat.	ART
Akon)	ART

Flo	PER
Rida	PER

Shakira	PER

Choc	PER
Quib	PER
Town	PER

Maroon	PER
5	PER

Coldplay	PER

Major	PER
Lazer	PER

Nicki	PER
Minaj	PER

Pitbull	PER

Katy	PER
Perry	PER

Prism	ART
2013	ART
(Deluxe	ART
Edition)	ART

Legendary	ART
Lovers	ART

Birthday	ART

Walking	ART
On	ART
Air	ART

Unconditionally	ART

Dark	ART
Horse	ART
(feat.	ART
Juicy	ART
J)	ART

This	ART
Is	ART
How	ART
We	ART
Do	ART

International	ART
Smile	ART

Ghost	ART

Love	ART
Me	ART

Lorde	PER

Tove	PER
Lo	PER

Usher	PER

Taylor	PER
Swift	PER

Red	ART

Red	ART

Treacherous	ART

I	ART
Knew	ART
You	ART
Were	ART
Trouble.	ART

All	ART
Too	ART
Well	ART

22	ART

I	ART
Almost	ART
Do	ART

We	ART
Are	ART
Never	ART
Ever	ART
Getting	ART
Back	ART
Together	ART

Stay	ART
Stay	ART
Stay	ART

The	ART
Lucky	ART
One	ART

Everything	ART
Has	ART
Changed	ART
(ft.	ART
Ed	ART
Sheeran)	ART

Starlight	ART

Begin	ART
Again	ART

The	ART
Moment	ART
I	ART
Knew	ART

Come	ART
Back...	ART
Be	ART
Here	ART

Girl	ART
At	ART
Home	ART

Treacherous	ART
(Original	ART
Demo	ART
Recording)	ART

Red	ART
(Original	ART
Demo	ART
Recording)	ART

State	ART
Of	ART
Grace	ART
(Acoustic	ART
Version)	ART

Fifth	PER
Harmony	PER

Selena	PER
Gomez	PER

Revival	ART
(Deluxe)	ART

Kill	ART
Em	ART
With	ART
Kindness	ART

Hands	ART
To	ART
Myself	ART

Same	ART
Old	ART
Love	ART

Sober	ART

Good	ART
For	ART
You	ART
(feat.	ART
A$AP	ART
Rocky)	ART

Camouflage	ART

Me	ART
&	ART
the	ART
Rhythm	ART

Survivors	ART

Body	ART
Heat	ART

Rise	ART

Me	ART
&	ART
My	ART
Girls	ART

Nobody	ART

Perfect	ART

Outta	ART
My	ART
Hands	ART
(Loco)	ART

Cologne	ART

Halsey	PER

Room	ART
93	ART
-	ART
EP	ART

Empty	ART
Gold	ART

Trouble	ART
(Stripped)	ART

DNCE	PER

SWAAY	ART

Pay	ART
My	ART
Rent	ART

Toothbrush	ART

Jinx	ART

Train	PER

Alexandra	PER
Stan	PER

Peter	PER
Gabriel	PER

Shakira	PER

Shakira.	ART
(Deluxe	ART
Edition)	ART

Dare	ART
(La	ART
La	ART
La)	ART

La	ART
La	ART
La	ART
(Brazil	ART
2014)	ART

Hardwell	PER

Adele	PER

Akon	PER

fun.	PER

Taylor	PER
Swift	PER

Speak	ART
Now	ART
(Deluxe	ART
Edition)	ART

Sparks	ART
Fly	ART

Back	ART
To	ART
December	ART

Speak	ART
Now	ART

Dear	ART
John	ART

Mean	ART

The	ART
Story	ART
Of	ART
Us	ART

Never	ART
Grow	ART
Up	ART

Enchanted	ART

Better	ART
Than	ART
Revenge	ART

Innocent	ART

Haunted	ART

Last	ART
Kiss	ART

Long	ART
Live	ART

Ours	ART

If	ART
This	ART
Was	ART
A	ART
Movie	ART

Superman	ART

Back	ART
To	ART
December	ART
(Acoustic	ART
Version)	ART

Haunted	ART
(Acoustic	ART
Version)	ART

Mine	ART
(Pop	ART
Mix	ART
Version)	ART

Speak	ART
Now	ART
World	ART
Tour	ART
Live	ART

Back	ART
To	ART
December-Apologize-You're	ART
Not	ART
Sorry	ART

Long	ART
Live	ART

Selena	PER
Gomez	PER

Stars	ART
Dance	ART

Come	ART
&	ART
Get	ART
it	ART

Birthday	ART

Slow	ART
Down	ART

Stars	ART
Dance	ART

Like	ART
a	ART
Champion	ART

Come	ART
&	ART
Get	ART
It	ART

Forget	ART
Forever	ART

Save	ART
the	ART
Day	ART

B.E.A.T.	ART

Write	ART
Your	ART
Name	ART

Undercover	ART

Love	ART
Will	ART
Remember	ART

Nobody	ART
Does	ART
It	ART
Like	ART
You	ART

Music	ART
Feels	ART
Better	ART

B.o.B	PER

Charli	PER
XCX	PER

Calvin	PER
Harris	PER

Goldfrapp	PER

Caribou	PER

Taylor	PER
Swift	PER

Taylor	ART
Swift	ART
(Deluxe	ART
Edition)	ART

Teardrops	ART
On	ART
My	ART
Guitar	ART

Teardrops	ART
On	ART
My	ART
Guitar	ART

Katy	PER
Perry	PER

Teenage	ART
Dream	ART

Firework	ART

The	ART
One	ART
That	ART
Got	ART
Away	ART

Sara	PER
Bareilles	PER

The	PER
Crystal	PER
Method	PER

Black	PER
Eyed	PER
Peas	PER

Neil	PER
Diamond	PER

Lady	PER
Gaga	PER

The	ART
Fame	ART
Monster	ART

Bad	ART
Romance	ART

Poker	ART
Face	ART

Telephone	ART
(Feat.	ART
Beyonce)	ART

Lana	PER
Del	PER
Rey	PER

Macklemore	PER
&	PER
Ryan	PER
Lewis	PER

The	ART
Heist	ART

Can't	ART
Hold	ART
Us	ART

Owl	PER
City	PER

Iggy	PER
Azalea	PER

The	ART
New	ART
Classic	ART
(Deluxe	ART
Version)	ART

Black	ART
Widow	ART
(feat.	ART
Rita	ART
Ora)	ART

Adam	PER
Lambert	PER

Miley	PER
Cyrus	PER

Christina	PER
Perri	PER

Sia	PER

This	ART
Is	ART
Acting	ART

Move	ART
Your	ART
Body	ART

Unstoppable	ART

Cheap	ART
Thrills	ART

House	ART
On	ART
Fire	ART

Calvin	PER
Harris	PER

John	PER
Newman	PER

Avicii	PER

Zedd	PER

True	ART
Colors	ART

Beautiful	ART
Now	ART
(feat.	ART
Jon	ART
Bellion)	ART

Tori	PER
Kelly	PER

Unbreakable	ART
Smile	ART
(Bonus	ART
Track	ART
Version)	ART

Should’ve	ART
Been	ART
Us	ART

City	ART
Dove	ART

Art	ART
of	ART
Letting	ART
You	ART
Go	ART

California	ART
Lovers	ART
(feat.	ART
LL	ART
Cool	ART
J)	ART

Falling	ART
Slow	ART

Beautiful	ART
Things	ART
(Bonus	ART
Track)	ART

Swedish	PER
House	PER
Mafia	PER

Until	ART
Now	ART
(Deluxe	ART
Version)	ART

Don't	ART
You	ART
Worry	ART
Child	ART

One	PER
Direction	PER

Mark	PER
Ronson	PER

Coldplay	PER

R.	PER
City	PER

Baha	PER
Men	PER

Flo	PER
Rida	PER

Wild	ART
Ones	ART
(Deluxe	ART
Version)	ART

Wild	ART
Ones	ART
(feat.	ART
Sia)	ART

Coldplay	PER

Ed	PER
Sheeran	PER

x	ART
(Deluxe	ART
Edition)	ART

Don't	ART

Photograph	ART

Thinking	ART
Out	ART
Loud	ART

